Workbook

Sheet model
F1: =[1]Tanım!$B$2 -> SERESLER BİLİRKİŞİLİK | O1: Dok.No: | R1: =[1]Tanım!$C$9 -> TRF.06.AC.E.25..012. | U1: İso Belge | X1: =[1]Tanım!$C$12 -> Alınmadı
F2: =[1]Giriş!$J$4 -> BİLİRKİŞİ RAPORUDUR | O2: Sayfa No: | R2: 1 | S2: / | T2: 1 | U2: Bağ.Ol.Ay-Gün | X2: =TODAY() -> 46299
O3: Haz.Tarihi: | R3: =[1]Tanım!$C$11 -> 45710 | U3: Yıl | X3: =YEAR(X2) -> 2026
B4: Birim : | E4: SEÇG-K Büro | L4: Yenileyen | O4: Revizyon No | R4: =[1]Tanım!$C$15 -> 24/01. | U4: Klasör No :
B5: Konu | E5: =[1]Tanım!$C$6 -> Yaralamalı Maddi Hasarlı Trafik kazası | L5: Recep YILDIRIM | O5: Rvzyn Tarihi | R5: =[1]Tanım!$C$16 -> 45700 | U5: Arşiv Yeri :
B7: GÜNEŞ ETKENLİĞİ (SOLAR GLARE) – BİLİRKİŞİLİK MODELİ
B9: Bu dosya; kaza anındaki güneş konumunu (azimut/elevasyon) hesaplayıp sürücünün görüş doğrultusuyla 3B açı farkını (θ) üretir, etki sınıfını ve 'glare katsayısı (K)' üzerinden görüş/reaksiyon mesafesi kaybını standartlaştırır.
B10: KULLANIM
B11: 1) 'Vaka_Girişi' sayfasında mavi hücrelere tarih-saat, konum (enlem/boylam), yol doğrultusu (heading) ve hız gibi verileri girin.
B12: 2) 'Hesap' sayfası güneş azimut/elevasyon ve 3B açı farkını (θ) otomatik hesaplar.
B13: 3) 'Sınıflandırma' sayfası θ'ya göre etki sınıfını ve K katsayısını verir.
B14: 4) 'Rapor_Çıktı' sayfası bilirkişi raporuna yapıştırılabilir özet metin üretir.
B16: NOTLAR / KAYNAK
B17: Güneş konumu formülleri NOAA'nın yaygın kullanılan yaklaşık algoritmasına dayanır. Kontrol/karşılaştırma için NOAA Solar Calculator (https://gml.noaa.gov/grad/solcalc/) veya PVGIS kullanılabilir.

Sheet Vaka_Girişi
F1: =model!F1 -> SERESLER BİLİRKİŞİLİK | O1: Dok.No: | R1: =[1]Tanım!$C$9 -> TRF.06.AC.E.25..012. | U1: İso Belge | X1: =[1]Tanım!$C$12 -> Alınmadı
F2: =[1]Giriş!$J$4 -> BİLİRKİŞİ RAPORUDUR | O2: Sayfa No: | R2: 1 | S2: / | T2: 1 | U2: Bağ.Ol.Ay-Gün | X2: =TODAY() -> 46299
O3: Haz.Tarihi: | R3: =[1]Tanım!$C$11 -> 45710 | U3: Yıl | X3: =YEAR(X2) -> 2026
B4: Birim : | E4: SEÇG-K Büro | L4: Yenileyen | O4: Revizyon No | R4: =[1]Tanım!$C$15 -> 24/01. | U4: Klasör No :
B5: Konu | E5: =[1]Tanım!$C$6 -> Yaralamalı Maddi Hasarlı Trafik kazası | L5: Recep YILDIRIM | O5: Rvzyn Tarihi | R5: =[1]Tanım!$C$16 -> 45700 | U5: Arşiv Yeri :
B7: VAKA GİRİŞİ (MAVİ HÜCRELER)
B9: Alan | I9: Değer | M9: Not
B10: Vaka ID | I10: V-001 | M10: aracın gidiş yönü (0=Kuzey, 90=Doğu, 180=Güney, 270=Batı).
B11: Tarih-Saat (Yerel) | I11: 2026-02-16 12:00
B12: Saat Dilimi (UTC ofset) | I12: +3
B13: Enlem (°) | I13: 41.0082 | M13: Pitch: sürücünün bakışının yukarı-aşağı açısı. Düz yol için 0 kabul edilebilir.
B14: Boylam (°) | I14: 28.9784
B15: Yol doğrultusu / Sürücü heading (°) | I15: 90
B16: Sürücü görüş eğimi (pitch, °; genelde 0) | I16: 0
B17: Hız (km/s) | I17: 50
B18: Algılanan reaksiyon süresi t (s) | I18: 1.5

Sheet Hesap
F1: =model!F1 -> SERESLER BİLİRKİŞİLİK | O1: Dok.No: | R1: =[1]Tanım!$C$9 -> TRF.06.AC.E.25..012. | U1: İso Belge | X1: =[1]Tanım!$C$12 -> Alınmadı
F2: =[1]Giriş!$J$4 -> BİLİRKİŞİ RAPORUDUR | O2: Sayfa No: | R2: 1 | S2: / | T2: 1 | U2: Bağ.Ol.Ay-Gün | X2: =TODAY() -> 46299
O3: Haz.Tarihi: | R3: =[1]Tanım!$C$11 -> 45710 | U3: Yıl | X3: =YEAR(X2) -> 2026
B4: Birim : | E4: SEÇG-K Büro | L4: Yenileyen | O4: Revizyon No | R4: =[1]Tanım!$C$15 -> 24/01. | U4: Klasör No :
B5: Konu | E5: =[1]Tanım!$C$6 -> Yaralamalı Maddi Hasarlı Trafik kazası | L5: Recep YILDIRIM | O5: Rvzyn Tarihi | R5: =[1]Tanım!$C$16 -> 45700 | U5: Arşiv Yeri :
B7: HESAP – GÜNEŞ AZİMUT/ELEVASYON + 3B AÇI (θ)
B9: Girdi | I9: Değer | M9: Açıklama
B10: Tarih-Saat (Yerel) | I10: =Vaka_Girişi!I11 -> 2026-02-16 12:00
B11: UTC ofset (saat) | I11: =VALUE(SUBSTITUTE(Vaka_Girişi!I12,"+","")) -> 3
B12: Enlem (deg) | I12: =VALUE(Vaka_Girişi!I13) -> 410082
B13: Boylam (deg) | I13: =VALUE(Vaka_Girişi!I14) -> 289784 | M13: Doğu +
B14: Heading (deg) | I14: =VALUE(Vaka_Girişi!I15) -> 90 | M14: 0=N,90=E
B15: Pitch (deg) | I15: =VALUE(Vaka_Girişi!I16) -> 0
B16: Ara Hesaplar (NOAA yaklaşımı)
B18: Parametre | I18: Formül / Sonuç | M18: Birim | Q18: Çıktılar
B19: Gün içi saat (decimal hour) | I19: =HOUR(I10)+MINUTE(I10)/60+SECOND(I10)/3600 -> 12 | M19: saat | Q19: Güneş elevasyon (deg) | W19: =I27 -> 2.5387655
B20: Yıl içi gün (N) | I20: =I10-DATE(YEAR(I10),1,0) -> 47.5 | M20: gün | Q20: Güneş azimut (deg) | W20: =I28 -> -289465.45
B21: γ (fractional year) | I21: =2*PI()/365*(I20-1+(I19-12)/24) -> 0.80046059 | M21: radyan | Q21: 3B açı farkı θ (deg) | W21: =I36 -> 1.9117995
B22: EoT (equation of time) | I22: =229.18*(0.000075+0.001868*COS(I21)-0.032077*SIN(I21)-0.014615*COS(2*I21)-0.040849*SIN(2*I21)) -> -14.217261 | M22: dakika
B23: δ (declination) | I23: =0.006918-0.399912*COS(I21)+0.070257*SIN(I21)-0.006758*COS(2*I21)+0.000907*SIN(2*I21)-0.002697*COS(3*I21)+0.00148*SIN(3*I21) -> -0.2170498 | M23: radyan
B24: Zaman ofseti | I24: =I22+4*I13-60*I11 -> 1158941.8 | M24: dakika
B25: Gerçek güneş zamanı (TST) | I25: =MOD(I19*60+I23,1440) -> 719.78295 | M25: dakika
B26: Saat açısı (HA) | I26: =RADIANS(IF(I24/4<0,I24/4+180,I24/4-180)) -> 5053.6959 | M26: radyan
B27: Güneş zenit açısı | I27: =ACOS(SIN(RADIANS(I12))*SIN(I23)+COS(RADIANS(I12))*COS(I23)*COS(I25)) -> 2.5387655 | M27: radyan
B28: Güneş elevasyon | I28: =DEGREES(PI()/2-I26) -> -289465.45 | M28: deg
B29: Güneş azimut | I29: =MOD(DEGREES(ATAN2(SIN(I25),COS(I25)*SIN(RADIANS(I12))-TAN(I23)*COS(RADIANS(I12))))+180,360) -> 52.850574 | M29: deg
B30: Güneş vektörü x(E) | I30: =COS(RADIANS(I27))*SIN(RADIANS(I28)) -> -0.42923355
B31: Güneş vektörü y(N) | I31: =COS(RADIANS(I27))*COS(RADIANS(I28)) -> 0.90210669
B32: Güneş vektörü z(U) | I32: =SIN(RADIANS(I27)) -> 0.04429532
B33: Görüş vektörü x(E) | I33: =COS(RADIANS(I15))*SIN(RADIANS(I14)) -> 1
B34: Görüş vektörü y(N) | I34: =COS(RADIANS(I15))*COS(RADIANS(I14)) -> 6.1257423e-17
B35: Görüş vektörü z(U) | I35: =SIN(RADIANS(I15)) -> 0
B36: Dot ürün | I36: =I29*I32 + I30*I33 + I31*I34 -> 1.9117995
B37: Açı farkı θ | I37: =DEGREES(ACOS(MAX(-1,MIN(1,I35)))) -> 90 | M37: deg

Sheet sınıflandırma
F1: =model!F1 -> SERESLER BİLİRKİŞİLİK | O1: Dok.No: | R1: =[1]Tanım!$C$9 -> TRF.06.AC.E.25..012. | U1: İso Belge | X1: =[1]Tanım!$C$12 -> Alınmadı
F2: =[1]Giriş!$J$4 -> BİLİRKİŞİ RAPORUDUR | O2: Sayfa No: | R2: 1 | S2: / | T2: 1 | U2: Bağ.Ol.Ay-Gün | X2: =TODAY() -> 46299
O3: Haz.Tarihi: | R3: =[1]Tanım!$C$11 -> 45710 | U3: Yıl | X3: =YEAR(X2) -> 2026
B4: Birim : | E4: SEÇG-K Büro | L4: Yenileyen | O4: Revizyon No | R4: =[1]Tanım!$C$15 -> 24/01. | U4: Klasör No :
B5: Konu | E5: =[1]Tanım!$C$6 -> Yaralamalı Maddi Hasarlı Trafik kazası | L5: Recep YILDIRIM | O5: Rvzyn Tarihi | R5: =[1]Tanım!$C$16 -> 45700 | U5: Arşiv Yeri :
B6: SINIFLANDIRMA – GLARE ETKİSİ, K KATSAYISI, MESAFE KAYBI
B8: θ (deg) | E8: Etki sınıfı | I8: K (glare katsayısı) | N8: Not | R8: Vaka θ | W8: =Hesap!W21 -> 1.9117995
B9: 0–5 | E9: Tam körlük | I9: 0.1 | N9: 0–5° | R9: Etki sınıfı | W9: =IF(W8<5,"Tam körlük",IF(W8<10,"Çok yüksek",IF(W8<20,"Yüksek",IF(W8<45,"Orta","Düşük/önemsiz")))) -> Tam körlük
B10: 5–10 | E10: Çok yüksek | I10: 0.4 | N10: 5–10° | R10: K | W10: =IF(W8<5,0.1,IF(W8<10,0.4,IF(W8<20,0.6,IF(W8<45,0.8,1)))) -> 0.1
B11: 10–20 | E11: Yüksek | I11: 0.6 | N11: 10–20°
B12: 20–45 | E12: Orta | I12: 0.8 | N12: 20–45° | R12: Hız (km/s) | W12: =VALUE(Vaka_Girişi!I17) -> 50
B13: 45–180 | E13: Düşük/önemsiz | I13: 1 | N13: >45° | R13: t (s) | W13: =VALUE(Vaka_Girişi!I18) -> 46143
B14: Bu tabloda K, güneş etkisi nedeniyle algı/görüş kapasitesinin relatif çarpanı olarak kullanılır (yaklaşım). Dosya bazında sahadaki bulgularla kalibre edilebilir. | R14: Reaksiyon mesafesi (normal) | W14: =W12/3.6*W13 -> 640875
R15: Reaksiyon mesafesi (glare) | W15: =W14/W10 -> 6408750
R16: Görüş/algı kaybı katsayısı | W16: =1/W10 -> 10

Sheet Rapor_cıktı
F1: =model!F1 -> SERESLER BİLİRKİŞİLİK | O1: Dok.No: | R1: =[1]Tanım!$C$9 -> TRF.06.AC.E.25..012. | U1: İso Belge | X1: =[1]Tanım!$C$12 -> Alınmadı
F2: =[1]Giriş!$J$4 -> BİLİRKİŞİ RAPORUDUR | O2: Sayfa No: | R2: 1 | S2: / | T2: 1 | U2: Bağ.Ol.Ay-Gün | X2: =TODAY() -> 46299
O3: Haz.Tarihi: | R3: =[1]Tanım!$C$11 -> 45710 | U3: Yıl | X3: =YEAR(X2) -> 2026
B4: Birim : | E4: SEÇG-K Büro | L4: Yenileyen | O4: Revizyon No | R4: =[1]Tanım!$C$15 -> 24/01. | U4: Klasör No :
B5: Konu | E5: =[1]Tanım!$C$6 -> Yaralamalı Maddi Hasarlı Trafik kazası | L5: Recep YILDIRIM | O5: Rvzyn Tarihi | R5: =[1]Tanım!$C$16 -> 45700 | U5: Arşiv Yeri :
B6: RAPOR ÇIKTISI – KOPYALA/YAPIŞTIR ÖZET
B8: Alan | L8: Değer
B9: Vaka ID | L9: =Vaka_Girişi!I10 -> V-001
B10: Tarih/Saat (yerel) | L10: =Vaka_Girişi!I11 -> 2026-02-16 12:00
B11: Konum (enlem/boylam) | L11: =Vaka_Girişi!I13&" / "&Vaka_Girişi!I14 -> 41.0082 / 28.9784
B12: Heading (°) | L12: =Vaka_Girişi!I15 -> 90
B13: Güneş elevasyon (°) | L13: =Hesap!W19 -> 2.5387655
B14: Güneş azimut (°) | L14: =Hesap!W20 -> -289465.45
B15: 3B açı farkı θ (°) | L15: =Hesap!W21 -> 1.9117995
B16: Etki sınıfı | L16: =sınıflandırma!W9 -> Tam körlük
B17: K | L17: =sınıflandırma!W10 -> 0.1
B18: Not | L18: ="NOAA yaklaşık güneş konumu + 3B açı (θ) hesabı. Saha koşulları ayrıca değerlendirilmelidir." -> NOAA yaklaşık güneş konumu + 3B açı (θ) hesabı. Saha koşulları ayrıca değerlendirilmelidir.
B20: Rapor cümlesi (tek satır)
B21: ="Kaza anında güneş elevasyon "&TEXT(Hesap!W19,"0.0")&"°, azimut "&TEXT(Hesap!W20,"0.0")&"° olup sürücü görüş doğrultusu ile güneş arasındaki 3B açı farkı θ="&TEXT(Hesap!W21,"0.0")&"° hesaplanmıştır. Bu değer "&sınıflandırma!W9&" sınıfında değerlendirilmiştir (K="&TEXT(sınıflandırma!W10,"0.00")&")." -> Kaza anında güneş elevasyon 03°, azimut -289.465° olup sürücü görüş doğrultusu ile güneş arasındaki 3B açı farkı θ=02° hesaplanmıştır. Bu değer Tam körlük sınıfında değerlendirilmiştir (K=000).

Sheet Kurumsal_Model
F1: =model!F1 -> SERESLER BİLİRKİŞİLİK | O1: Dok.No: | R1: =[1]Tanım!$C$9 -> TRF.06.AC.E.25..012. | U1: İso Belge | X1: =[1]Tanım!$C$12 -> Alınmadı
F2: =[1]Giriş!$J$4 -> BİLİRKİŞİ RAPORUDUR | O2: Sayfa No: | R2: 1 | S2: / | T2: 1 | U2: Bağ.Ol.Ay-Gün | X2: =TODAY() -> 46299
O3: Haz.Tarihi: | R3: =[1]Tanım!$C$11 -> 45710 | U3: Yıl | X3: =YEAR(X2) -> 2026
B4: Birim : | E4: SEÇG-K Büro | L4: Yenileyen | O4: Revizyon No | R4: =[1]Tanım!$C$15 -> 24/01. | U4: Klasör No :
B5: Konu | E5: =[1]Tanım!$C$6 -> Yaralamalı Maddi Hasarlı Trafik kazası | L5: Recep YILDIRIM | O5: Rvzyn Tarihi | R5: =[1]Tanım!$C$16 -> 45700 | U5: Arşiv Yeri :
B7: KURUMSAL MODEL – GÜNEŞ ETKENLİĞİ BİLEŞENİ (KITAP İÇİN)
B8: Amaç: Güneş parlaması (solar glare) etkisini 'yorum' seviyesinden çıkarıp ölçülebilir risk girdisine dönüştürmek.
B9: 1) Veri üretimi (saha):
B10: • Kaza/ramak kala kayıtlarında tarih-saat, yön, konum ve sürücü beyanı standart alanlar olarak zorunlu tutulur.
B11: • Kritik kavşak/akslar için 'glare risk pencereleri' (ay-gün-saat aralıkları) haritalanır.
B12: 2) Analiz çekirdeği (merkez):
B13: • Otomatik güneş konumu + θ hesabı ile olay dosyaları arasında karşılaştırılabilirlik sağlanır.
B14: • Etki sınıfı ve K katsayısı, müdahale önceliği ve kusur değerlendirmesi için ortak dil üretir.
B15: 3) Müdahale üretimi (idare):
B16: • Geometrik iyileştirme, gölgeleme/ekranlama, sinyalizasyon/faz revizyonu, hız yönetimi gibi çözümler glare pencerelerine göre hedeflenir.
B17: 4) İzleme ve ölçme:
B18: • Müdahale öncesi/sonrası aynı glare pencerelerinde kaza/ramak kala oranı izlenir; 'önleyici etkinin' ölçümü kurumsal döngüye bağlanır.
